"id","snp","hg38","hg19","hg18","hg17","gene","raf","riskAllele","pValue","oddsRatio","lowerCI","upperCI","citation","studyID"
"1","rs113554206","14:73273542","14:73740250","14:72810003","14:72810003","LOC101928123:27541|PSEN1:49851|NUMB:1565|AC005280.3:93355|PAPLN:0|AC004846.1:27563|RNU6-419P:26663|AC004846.2:0|RNU6-419P:26662|AC004858.1:83538|NUMB:1668",0.012,"A",5e-07,4.6,NA,NA,"Salem RM 2019","GCST009284"
"2","rs55703767","2:227256385","2:228121101","2:227829345","2:227946606","COL4A4:91932|COL4A3:0|MFF:68766|COL4A4:91903|MFF:68848|LOC654841:0|MFF-DT:0|STIP1P2:79171",0.794,"G",9e-09,1.2820514,NA,NA,"Salem RM 2019","GCST009284"
"3","rs551191707","8:127087785","8:128100030","8:128169212","8:128169212","SRRM1P1:275|PCAT2:5564|PCAT1:66771|CASC19:0|PCAT1:0|LOC105375751:38334|LOC105375752:52273|AC018714.2:165428|AC020688.1:275|PRNCR1:0|CASC19:100000",0.122,"CA",4e-08,1.7,NA,NA,"Salem RM 2019","GCST009285"
"4","rs55703767","2:227256385","2:228121101","2:227829345","2:227946606","COL4A4:91932|COL4A3:0|MFF:68766|COL4A4:91903|MFF:68848|LOC654841:0|MFF-DT:0|STIP1P2:79171",0.794,"G",4e-10,1.2048193,NA,NA,"Salem RM 2019","GCST009292"
