"id","snp","hg38","hg19","hg18","hg17","gene","raf","riskAllele","pValue","oddsRatio","lowerCI","upperCI","citation","studyID"
"1","rs1859308","16:27386677","16:27397998","16:27305499","16:27305499","IL4R:21899|IL21R:15485|FLJ21408:96209|IL21R-AS1:60992|NSMCE1-DT:96185|GTF3C1:73936|IL21R:15497|GTF3C1:72878|AC106739.1:72576",NA,"G",2e-06,2.4875622,NA,NA,"Jia P 2017","GCST004410"
"2","rs4978818","9:109509949","9:112272229","9:111312050","9:109351784","MIR3927:1526|PTPN3:11636|PTPN3:0|YBX1P6:22467|EPB41L4B:188985|YBX1P6:22881|PALM2AKAP2:0",NA,"C",5e-06,2.0242915,NA,NA,"Jia P 2017","GCST004410"
"3","rs2209842","13:102424143","13:103076493","13:101874494","13:101874494","FGF14:21686|FGF14-IT1:29624|FGF14-AS1:50477|FGF14-AS2:28438|FGF14-AS2:28440|LINC00555:165229|LOC107984588:169194|FGF14:21700",NA,"G",8e-06,1.671,NA,NA,"Jia P 2017","GCST004411"
"4","rs4978818","9:109509949","9:112272229","9:111312050","9:109351784","MIR3927:1526|PTPN3:11636|PTPN3:0|YBX1P6:22467|EPB41L4B:188985|YBX1P6:22881|PALM2AKAP2:0",NA,"C",2e-07,2.132196,NA,NA,"Jia P 2017","GCST004411"
"5","rs7019068","9:109348448","9:112110728","9:111150549","9:109190283","AL359963.1:23652|EPB41L4B:27484|PTPN3:27246|PTPN3:27018|MTND2P11:47304|MTND2P11:47276",NA,"C",4e-06,2.1645021,NA,NA,"Jia P 2017","GCST004411"
