"id","snp","hg38","hg19","hg18","hg17","gene","raf","riskAllele","pValue","oddsRatio","lowerCI","upperCI","citation","studyID"
"1","rs111940429","2:107366232","2:107982688","2:107349120","2:107441206","LINC01789:359|LINC01885:16483|LINC01789:541|LINC01885:10137|AC096669.1:0",0.04,"T",1e-08,2.857143,NA,NA,"McElroy SL 2018","GCST005386"
"2","rs145763646","3:66173478","3:66159153",NA,NA,"SLC25A26:0|LOC107986095:3623|MAGI1:134644|LOC105377128:133184|RNU6-787P:119636",0.1,"A",3e-07,2.0833335,NA,NA,"McElroy SL 2018","GCST005386"
"3","rs17810023","6:80443056","6:81152773","6:81209492","6:81209492","BCKDHB:96786|AL359715.4:1884|RPL17P25:68466|AL596028.1:56140|LOC112267962:41921|BCKDHB:0|RPSAP72:27015|RPL17P25:68487|AL359715.1:0|AL359715.3:86197|AL359715.2:23902|RPSAP72:27010|LOC105377869:86783",0.02,"T",9e-08,3.846154,NA,NA,"McElroy SL 2018","GCST005386"
"4","rs73057489","12:17370820","12:17523754","12:17415021","12:17415021","TIMM17BP1:29571|TIMM17BP1:29579|AC092110.1:203030|PSMC1P8:12532|RPL7P40:248360|PSMC1P8:12293",0.07,"C",1e-06,2,NA,NA,"McElroy SL 2018","GCST005386"
"5","rs7337127","13:104623579","13:105275930","13:104073931","13:104073931","LOC105370340:489291|LOC107984624:72542|AL136524.1:489322|RPL7P45:190748",0.15,"T",3e-07,1.754386,NA,NA,"McElroy SL 2018","GCST005386"
"6","rs182107583","2:149675023","2:150531537","2:150239783","2:150357045","LINC01931:70625|MMADHC-DT:0|LOC105373680:70628|MMADHC:87248|RNU6-601P:64249|LOC101929231:0|LINC01931:92483|MMADHC:87245",0.04,"C",1e-06,3.2258062,NA,NA,"McElroy SL 2018","GCST005387"
"7","rs1950038","2:183579642","2:184444370","2:184152615","2:184269876","AC021851.2:84141|LIN28AP1:318179|CACYBPP2:27800|CACYBPP2:27598",0.3,"T",7e-07,1.6,NA,NA,"McElroy SL 2018","GCST005387"
"8","rs726170","22:44855931","22:45251811","22:43630475","22:43572348","PHF21B:25231|ARHGAP8:0|PRR5-ARHGAP8:0|LOC105373063:93370|PRR5:118250|RPL6P28:45640|Z83838.1:45616|LOC105373062:3393",0.12,"T",3e-08,1.923077,NA,NA,"McElroy SL 2018","GCST005387"
"9","rs76087671","20:24330541","20:24311177","20:24259177","20:24259177","RNU1-23P:93143|GAPDHP53:114850|GAPDHP53:114871|AL158090.1:12455|LOC105372577:0",0.05,"T",1e-06,2.3255813,NA,NA,"McElroy SL 2018","GCST005387"
"10","rs7904579","10:17089754","10:17131753","10:17171759","10:17171759","LOC105376435:268497|CUBN:0|TRDMT1:47582|AL365215.2:268547|AC067747.1:47582",0.37,"G",1e-07,1.56,NA,NA,"McElroy SL 2018","GCST005387"
