"id","snp","hg38","hg19","hg18","hg17","gene","raf","riskAllele","pValue","oddsRatio","lowerCI","upperCI","study","studyID"
"1","rs111444407","19:19247398","19:19358207","19:19219207","19:19219207","NCAN:0|AC138430.2:8240|MAU2:73431|BORCS8:55246|SUGP1:28620|SUGP1:28635|RNU6-1028P:14451|MAU2:73209|MEF2B:77135|HAPLN4:7358|AC138430.1:7350|NR2C2AP:43984|BORCS8-MEF2B:55240|RFXANK:45529|BORCS8:54807|TM6SF2:16968|TM6SF2:16966|BORCS8-MEF2B:55246|MEF2B:55267",0.144,"T",4e-06,1.18685,NA,NA,"Stahl EA 2019","GCST008116"
"2","rs147650109","19:6908884","19:6908895","19:6859895","19:6859895","FLJ25758:96069|AC025278.1:44327|VAV1:51518|AC020895.2:12052|LOC105372256:0|AC025278.2:96128|AC025278.3:19461|LOC112268245:97757|ADGRE1:0|ADGRE4P:43616|AC020895.1:10198",0.026,"G",7e-07,1.5724013,NA,NA,"Stahl EA 2019","GCST008116"
"3","rs72761817","5:41654144","5:41654246","5:41690003","5:41690003","OXCT1:75921|TCP1P2:66226|AC008817.1:66357",0.025,"G",3e-07,1.5387928,NA,NA,"Stahl EA 2019","GCST008116"
"4","rs79143696","11:71576909","11:71287955","11:70965603","11:70965603","S100A11P3:54822|KRTAP5-8:37700|UNC93B6:26351|AP000867.1:7975|LOC645544:62143|NADSYN1:52802|NADSYN1:75093|KRTAP5-14P:2819|KRTAP5-13P:7908|AP003498.1:96976|KRTAP5-14P:2603|KRTAP5-9:27301|AP000867.3:52136|OR7E4P:43111|AP000867.5:11301|KRTAP5-7:48240|KRTAP5-11:4946|RPS3AP41:92611|OR7E87P:16749|AP000867.4:62642|AP000867.2:70529|KRTAP5-11:2805|OR7E4P:43191|KRTAP5-10:10174|RPS3AP41:92587|OR7E87P:16545",0.0212,"C",9e-08,1.66496,NA,NA,"Stahl EA 2019","GCST008116"
