"id","snp","hg38","hg19","hg18","hg17","gene","raf","riskAllele","pValue","oddsRatio","lowerCI","upperCI","citation","studyID"
"1","rs10910527","1:232463443","1:232599189","1:230665812","1:228905924","LOC105373198:85333|LOC105373196:93033|RN7SL299P:240298|RNU6-1211P:236761|SIPA1L2:0",NA,"T",6e-08,12.794,"5.083","32.206","Tao F 2019","GCST007304"
"2","rs2213767","22:26974819","22:27370782","22:25700782","22:25695336","AL008638.4:69182|LOC107985582:23309|AL008638.3:44550|RNU6-1066P:61068|Z97353.2:53884|LINC01422:6056|AL008638.5:65378|Z97353.1:87271|LOC284898:73325|LINC01422:54208|AL008638.2:73325|LOC110091768:93034|RPL15P22:87242",NA,"T",4e-06,4.039,"2.226","7.329","Tao F 2019","GCST007304"
"3","rs303143","4:123234042","4:124155197","4:124374647","4:124512802","SPATA5:0|NUDT6:311074|LOC105377404:91617|AC026402.1:25907|COILP2:207952",NA,"A",8e-07,30.30303,"7.81","111.11","Tao F 2019","GCST007304"
"4","rs641712","1:86022549","1:86488232","1:86260820","1:86200253","AC104455.1:7305|COL24A1:0|RNA5SP51:138751|LOC107985061:7223",NA,"G",9e-06,2.415459,"1.64","3.56","Tao F 2019","GCST007304"
"5","rs12137595","1:4034008","1:4094068","1:3993928","1:4004441","AL805961.1:14500|LINC01346:78746|LINC01346:81425|EEF1DP6:141455|EEF1DP6:141520|LINC02780:21304|LINC01345:84984|LINC01345:85028|LOC105376673:22424",0.1,"T",1e-07,3.014,"1.917","4.111","Tao F 2019","GCST008530"
"6","rs4713376","6:30805537","6:30773314","6:30881293","6:30881293","DDR1-DT:61445|LINC02570:33992|RN7SL353P:54248|LINC02570:33989|RN7SKP186:58713|TUBB:80115|LINC00243:7329|HCG20:13287|MIR4640:85346|MDC1:87549|DDR1:70884|IER3:60990|MDC1:88090|FLOT1:62686|MDC1-AS1:92353|AL662797.2:81660|DDR1:75421|IER3:60989|AL662797.1:69123|FLOT1:62805|LINC00243:0|TUBB:80111|IER3-AS1:61945|IER3-AS1:61864",0.174,"C",1e-06,3.288,"2.041","5.297","Tao F 2019","GCST008533"
"7","rs7720606","5:127216040","5:126551732","5:126579631","5:126579631","LOC112267893:36193|LOC105379198:2399|AC011416.1:43774|MRPS5P3:72793|MEGF10:13479|AC011416.4:15937|SELENOTP2:38968|LOC105379199:48325|MEGF10:74756|MRPS5P3:72086|AC011416.3:0|SELENOTP2:38990|AC011416.2:36140",0.482,"A",2e-07,3.439,"2.157","5.842","Tao F 2019","GCST008534"
"8","rs17629990","4:170302895","4:171224046","4:171460621","4:171598776","LINC01612:19172|LINC02512:40194|LINC02512:39926",0.817,"G",2e-07,2.98,"1.98","4.48","Tao F 2019","GCST008537"
