"id","snp","hg38","hg19","hg18","hg17","gene","raf","riskAllele","pValue","oddsRatio","lowerCI","upperCI","citation","studyID"
"1","rs12259288","10:52129495","10:53889255","10:53559261","10:53559261","PRKG1:0|CSTF2T:429900|PRKG1-AS1:100903|PRKG1-AS1:167353",0.667,"A",6e-07,1.2345679,NA,NA,"Roberts CH 2018","GCST006225"
"2","rs6821248","4:103237203","4:104158360","4:104377809","4:104515964","CENPE:38758|LINC02428:18619|LINC02428:187839|CENPE:38795",0.747,"G",9e-07,1.2658228,NA,NA,"Roberts CH 2018","GCST006225"
"3","rs720756","7:34546628","7:34586240","7:34552765","7:34359480","NPSR1:111590|RNU6-438P:249030|NPSR1-AS1:0|AC009262.1:247616",0.953,"T",3e-07,1.6666665,NA,NA,"Roberts CH 2018","GCST006225"
"4","rs77175455","16:29604489","16:29615810","16:29523311","16:29523311","CA5AP1:14180|LOC101928556:99008|CA5AP1:14296|SLC7A5P1:8615|MIR3680-2:5224|AC009086.1:20028|SPN:58490|NPIPB12:98615|SMG1P2:9523|QPRT:58790|SLC7A5P1:8614|QPRT:66099|LOC105371168:827|AC009086.2:8352|SPN:58461|SMG1P2:0|NPIPB12:98490",0.38,"T",7e-07,1.3333333,NA,NA,"Roberts CH 2018","GCST006225"
"5","rs79741827","16:56699204","16:56733116","16:55290617","16:55290617","MT1A:59117|LOC101927536:32952|MT1H:28075|AC026461.2:46568|MT1M:65223|MT1E:72092|MT2A:89707|DPPA2P4:10906|MT1L:80386|MT1JP:62118|MT1IP:21327|MT1G:31139|MT1X:15008|MT1CP:49691|AC026461.1:11397|MT1DP:54418|AC026461.4:21441|NUP93:30925|MT1CP:49690|MT1B:46000|AC026461.3:87829|LOC105371286:9253|DPPA2P4:11152|NUP93:30914|MT1F:39901|MT1F:38506|LOC105371287:9612|AC106779.1:9246|MT1DP:54263",0.956,"T",9e-07,1.6666665,NA,NA,"Roberts CH 2018","GCST006225"
