"id","snp","hg38","hg19","hg18","hg17","gene","raf","riskAllele","pValue","oddsRatio","lowerCI","upperCI","study","studyID"
"1","rs11915964","3:134630088","3:134348930","3:135831620","3:135831628","EPHB1:0|CEP63:55071|KY:0|RNU6-1174P:150439|LOC100421154:118664|CEP63:0|AC016931.1:144455",NA,"T",6e-06,1.6103059,NA,NA,"Jia P 2017","GCST004407"
"2","rs2915495","8:51367179","8:52279739","8:52442292","8:52442292","PXDNL:0|AC012413.1:46061|BRIX1P1:68423|BRIX1P1:68415|LOC105375831:254115",NA,"A",8e-06,1.698,NA,NA,"Jia P 2017","GCST004407"
"3","rs4772857","13:107165321","13:107817669","13:106615670","13:106615670","SNORD31B:155574|AL354741.1:203929|FAM155A:0|LOC105370350:32397",NA,"G",2e-06,1.604,NA,NA,"Jia P 2017","GCST004407"
"4","rs6542826","2:109433263","2:110049719","2:109416151","2:109508237","MIR4266:119638|SH3RF3:0|SEPTIN10:109536|SEPT10:109534|LOC107985773:86307",NA,"G",7e-07,1.703,NA,NA,"Jia P 2017","GCST004407"
"5","rs6723162","2:70875156","2:71102286","2:70955794","2:71013941","ELOCP21:80743|HMGN2P21:71730|LINC01143:12715|RN7SL160P:90428|LOC100421925:63673|ELOCP21:80515|FIGLA:84513|VAX2:25395|LOC105374795:98089|CLEC4F:49921|AC007040.2:64162|AC007040.3:24999|ATP6V1B1:60744|HMGN2P21:71531|ATP6V1B1-AS1:66857|VAX2:25420|ATP6V1B1-AS1:66661|CD207:14369|AC007395.1:63682|CLEC4F:54557|CD207:39340",NA,"T",1e-06,1.6528925,NA,NA,"Jia P 2017","GCST004407"
"6","rs7840128","8:3820465","8:3677987","8:3665395","8:3665395","AC027251.1:496923|RNA5SP251:119837|CSMD1:0|LOC105377790:40561",NA,"A",8e-06,2.17,NA,NA,"Jia P 2017","GCST004407"
"7","rs795943","12:78269687","12:78663467","12:77187598","12:77165935","NAV3:56677|LOC105369859:65882|LINC02424:56993|AC128707.1:82832",NA,"G",3e-06,1.697793,NA,NA,"Jia P 2017","GCST004407"
"8","rs876084","8:120089283","8:121101522","8:121170703","8:121170703","LOC105375730:0|COL14A1:0|DEPTOR:38365|AC091563.1:33082|MRPL13:291478|COL14A1:35184",NA,"T",5e-06,1.5748031,NA,NA,"Jia P 2017","GCST004407"
"9","rs9814567","3:134499715","3:134218557","3:135701247","3:135701255","EPHB1:95549|ANAPC13:12999|MIR4788:61809|EPHB1:98086|AC026117.1:10816|HMGB3P13:61227|CEP63:0|HMGB3P13:61504|ANAPC13:13692|LOC100421154:10614",NA,"C",2e-06,1.6891892,NA,NA,"Jia P 2017","GCST004407"
