"id","snp","hg38","hg19","hg18","hg17","gene","raf","riskAllele","pValue","oddsRatio","lowerCI","upperCI","citation","studyID"
"1","rs17136627","5:114463289","5:113798986","5:113826885","5:113826885","LOC101927078:0|KCNN2:0|AC010230.1:12050|RN7SKP89:209535|LINC01957:112752",NA,"A",2e-08,12.6,"4.13","38.5","Kim JJ 2013","GCST002026"
"2","rs10127456","1:15327376","1:15653872","1:15526459","1:15399178","ZBTB2P1:99827|FHAD1-AS1:0|AL031283.2:6790|LOC100421184:100133|LOC101927417:0|FHAD1:0|LOC101927441:60982|AL031283.1:75603|EFHD2:82512",0.0137,"T",1e-06,16,NA,NA,"Kuo HC 2016","GCST003560"
"3","rs12210919","6:37677736","6:37645512","6:37753490","6:37753490","MIR4462:122314|MDGA1:0|LOC107986593:138581|AL353597.3:106276|AL121574.1:138041",0.02055,"C",4e-07,14.02,NA,NA,"Kuo HC 2016","GCST003560"
"4","rs12900413","15:89777808","15:90321039","15:88122043","15:88122043","MRPL15P1:24315|ANPEP:7087|MRPL15P1:24264|AC079075.1:72393|LOC105370965:43641|WDR93:34170|AP3S2:52791|MESP1:26499|MESP1:26498|C15orf38-AP3S2:52791|PEX11A:87025|RPL36AP43:89528|MIR5094:72829|RNU6-132P:63470|AC027176.2:98732|PLIN1:98441|RPL36AP43:89565|MESP2:0|PEX11A:87054|LOC100631255:98985|WDR93:33418|ARPIN-AP3S2:56500|PLIN1:98381",0.06164,"C",7e-07,8.698,NA,NA,"Kuo HC 2016","GCST003560"
"5","rs16921209","10:20879174","10:21168103","10:21208109","10:21208109","LOC102725112:0|NEBL:0|EIF4BP2:149825|AL157398.1:37614|EIF4BP2:149809|MTND1P21:74594|MTND1P21:74597",0.007,"G",7e-09,32.22,NA,NA,"Kuo HC 2016","GCST003560"
"6","rs17076896","13:19181923","13:19756063","13:18654063","13:18654063","RNA5SP24:93342|AL137001.2:63608|SMPD4P2:10729|PSPC1P1:19514|AL139327.3:8998|CENPIP1:42312|LOC107984132:63640|AL139327.1:115|CENPIP1:50367|PSPC1P1:19714|SMPD4P2:10727|TUBA3C:99|ANKRD26P3:80877|AL139327.2:29616|RNU6-52P:38846|LOC101928697:110|ANKRD26P3:80874",0.014,"G",8e-09,21.03,NA,NA,"Kuo HC 2016","GCST003560"
"7","rs17782904","18:44733745","18:42313710","18:40567708","18:40567708","SETBP1:0|LOC101927943:54675|MIR4319:236337|AC120049.1:54028|AC021766.1:430|LOC105372089:69087",0.003,"T",8e-08,45.95,NA,NA,"Kuo HC 2016","GCST003560"
"8","rs899162","5:135459219","5:134794909","5:134822808","5:134822808","H2AFY:57221|MACROH2A1:59305|AC022092.1:522|TIFAB:6868|NEUROG1:75063|DCANP1:11871|AC026691.1:57923",0.141,"A",2e-07,3.2,"2.02","5.05","Kwon YC 2018","GCST007192"
