"id","snp","hg38","hg19","hg18","hg17","gene","raf","riskAllele","pValue","oddsRatio","lowerCI","upperCI","citation","studyID"
"1","rs7738851","6:11241555","6:11241788","6:11349774","6:11349774","NEDD9:0|AL022098.1:49744|AL136139.1:86405|SMIM13:102822|AL139807.1:0|LOC105374925:49954",0.85,"A",2e-08,1.28,NA,NA,"Haworth S 2018","GCST006311"
"2","rs1594318","2:3686354","2:3733944","2:3711819","2:3227313","ALLC:0|AC010907.1:16231|TMSB4XP2:68597|AC010907.2:82112|COLEC11:41710|DCDC2C:17221|LOC105373393:16206|GAPDHP48:1430|GAPDHP48:1667",0.4,"G",4e-08,1.1792454,NA,NA,"Haworth S 2018","GCST006312"
"3","rs1594318","2:3686354","2:3733944","2:3711819","2:3227313","ALLC:0|AC010907.1:16231|TMSB4XP2:68597|AC010907.2:82112|COLEC11:41710|DCDC2C:17221|LOC105373393:16206|GAPDHP48:1430|GAPDHP48:1667",0.4,"G",4e-07,1.1520737,NA,NA,"Haworth S 2018","GCST006312"
