"id","snp","hg38","hg19","hg18","hg17","gene","raf","riskAllele","pValue","oddsRatio","lowerCI","upperCI","study","studyID"
"1","rs11263763","17:37743574","17:36103565","17:33177678","17:33177678","YWHAEP7:99375|YWHAEP7:84731|LOC107985009:36394|LOC105371755:54047|AC243571.2:59322|HNF1B:0|AC243585.1:92680|LOC105371756:92093|LOC105371757:54432|AC243571.1:55320|LOC105371754:17478",0.54,"A",7e-17,1.2,"1.15","1.25","Cheng TH 2016","GCST003525"
"2","rs11841589","13:73240754","13:73814891","13:72712892","13:72712892","RNU4-10P:49087|RNU7-89P:72604|MARK2P12:167035|RNY1P8:13494|AL162376.1:158277",0.74,"G",6e-10,1.16,"1.10","1.21","Cheng TH 2016","GCST003525"
"3","rs13328298","6:125695434","6:126016580","6:126058273","6:126058273","HEY2:52205|NCOA7:85509|HEY2:52230|NCOA7:85727|AL450332.1:250241|LOC105377986:0|LINC02523:0|LOC102723341:250067|AL365259.1:0|TRE-CTC1-7:84813",0.58,"G",1e-11,1.15,"1.11","1.20","Cheng TH 2016","GCST003525"
"4","rs2414098","15:51245609","15:51537806","15:49325098","15:49325098","MIR4713HG:0|GLDN:96046|MIR4713:3345|MIR7973-1:68425|AC020891.3:33318|MIR7973-2:68423|LOC112268146:75067|CYP19A1:0|AC020891.2:70232",0.62,"C",2e-13,1.18,"1.13","1.23","Cheng TH 2016","GCST003525"
"5","rs2498796","14:104776883","14:105243220","14:104314265","14:104314265","CEP170B:88385|ADSSL1:29558|AL583810.1:80909|INF2:54348|MIR12121:88431|RPS2P4:59114|AKT1:0|MIR4710:99134|ZBTB42:23671|AL590326.1:38566|RPS26P49:53953|AL583722.2:6612|RPS2P4:59074|LINC00638:44318|ZBTB42:23713|LOC102723342:6755|SIVA1:8389|AL583722.1:91951|AL583722.4:85599|SIVA1:17224|AL583810.2:65780|LOC107984670:35043|RPS26P49:53955|ADSS1:29558|LOC107987209:9921",0.3,"A",4e-08,1.1363636,"1.09","1.18","Cheng TH 2016","GCST003525"
"6","rs4733613","8:128587032","8:129599278","8:129668460","8:129668460","LINC00824:22353|LINC00976:365847|CCDC26:47167",0.13,"C",8e-09,1.1904762,"1.12","1.27","Cheng TH 2016","GCST003525"
"7","rs937213","15:40029923","15:40322124","15:38109416","15:38109416","AC021755.2:45281|EIF2AK4:0|AC021755.3:48969|H3P38:78215|SRP14-AS1:9319|BMF-AS1:58909|SRP14:5767|H3F3AP1:78034|BMF:57967|LOC105370787:46020|SRP14-AS1:9388",0.42,"C",2e-07,1.1111112,"1.06","1.16","Cheng TH 2016","GCST003525"
