"id","snp","hg38","hg19","hg18","hg17","gene","raf","riskAllele","pValue","oddsRatio","lowerCI","upperCI","citation","studyID"
"1","rs12106193","20:21560389","20:21541027","20:21489027","20:21489027","LINC01726:50398|GSTM3P1:58421|AL121590.1:54589|AL133325.2:24724|NKX2-2:46325|LOC112268271:51429|AL133325.3:57455|NKX2-2-AS1:48080|AL133325.1:71764|LOC100421362:71765|LINC01727:9635|LINC01727:9587|GSTM3P1:58420",NA,"C",4e-16,1.75,"1.53","2.00","Machiela MJ 2018","GCST006467"
"2","rs6106336","20:21114954","20:21095595","20:21043595","20:21043595","RPS15AP1:51211|RNA5SP477:24002|LINC00237:8596|RPS15AP1:51252|KIZ-AS1:39069|KIZ:11021|KIZ-AS1:79450|AL121759.2:22415|RPL24P2:0|AL121759.1:33787|KIZ:11029|LINC00237:8440",NA,"G",2e-08,1.47151,"1.28674","1.68282","Machiela MJ 2018","GCST006467"
"3","rs7744366","6:6854256","6:6854489","6:6799488","6:6799488","LOC105374902:31420|AL136361.1:94965|RN7SL554P:84350|LOC105374903:18019|BTF3P7:58854|LOC105374901:94954|AL158817.1:46766|BTF3P7:58755|LOC101928004:53044",NA,"G",1e-18,1.74056,"1.53857","1.96907","Machiela MJ 2018","GCST006467"
"4","rs7832583","8:137565943","8:138578186","8:138647368","8:138647368","LOC100129367:130759|ZYXP1:140922|AC105213.1:0|AC110053.1:130781",NA,"T",1e-07,1.56896,"1.32654","1.85569","Machiela MJ 2018","GCST006467"
"5","rs224278","10:62820815","10:64580575","10:64250581","10:64250581","EGR2:0|ADO:12336|ALDH7A1P4:79421|RNU6-543P:289324|ALDH7A1P4:79430|EGR2:1648|LOC107984012:72345|AC067751.1:14928",NA,"C",4e-17,1.66,"1.42","1.93","Postel-Vinay S 2012","GCST001407"
"6","rs4924410","15:40047293","15:40339494","15:38126786","15:38126786","AC021755.3:31599|SRP14-AS1:0|H3P38:95585|BMF-AS1:41539|SRP14:8112|MTND4P37:87475|LOC105370787:28650|BMF:40597|AC021755.2:27911|EIF2AK4:11702|MTND5P37:86478|SRP14:8091|AC021755.1:86475|H3F3AP1:95404",NA,"A",7e-09,1.46,"1.23","1.74","Postel-Vinay S 2012","GCST001407"
"7","rs9430161","1:10986798","1:11046855","1:10969442","1:10981121","AL109811.2:42861|MASP2:39725|EXOSC10:79815|C1orf127:4761|SRM:67786|LOC105376735:68101|CFL1P6:4180|HSPE1P24:90800|AL109811.3:25864|EXOSC10:79820|TARDBP:25546|TARDBP:25856|CFL1P6:3012|SRM:67791|AL109811.1:81673",NA,"G",1e-20,2.2,"1.77","2.72","Postel-Vinay S 2012","GCST001407"
