"id","snp","hg38","hg19","hg18","hg17","gene","raf","riskAllele","pValue","oddsRatio","lowerCI","upperCI","citation","studyID"
"1","rs12570134","10:117524897","10:119284408","10:119274398","10:119274398","EMX2:17548|AC005871.2:34478|LOC105378502:69388|EMX2OS:0|AL356419.1:54957|AC005871.1:37187",0.73,"T",8e-15,1.4084507,"1.3","1.54","Endo C 2018","GCST006092"
"2","rs1415425","10:117586415","10:119345926","10:119335916","10:119335916","AC005871.2:95996|LINC02674:148095|EMX2:36869|LOC107984274:131121|AC005871.1:13958|EMX2OS:41347|AL356419.1:0",0.52,"A",2e-07,1.2345679,"1.14","1.33","Endo C 2018","GCST006092"
