"id","snp","hg38","hg19","hg18","hg17","gene","raf","riskAllele","pValue","oddsRatio","lowerCI","upperCI","study","studyID"
"1","rs10910527","1:232463443","1:232599189","1:230665812","1:228905924","LOC105373198:85333|LOC105373196:93033|RN7SL299P:240298|RNU6-1211P:236761|SIPA1L2:0",NA,"T",6e-08,12.794,"5.083","32.206","Tao F 2019","GCST007304"
"2","rs2213767","22:26974819","22:27370782","22:25700782","22:25695336","AL008638.4:69182|LOC107985582:23309|AL008638.3:44550|RNU6-1066P:61068|Z97353.2:53884|LINC01422:6056|AL008638.5:65378|Z97353.1:87271|LOC284898:73325|LINC01422:54208|AL008638.2:73325|LOC110091768:93034|RPL15P22:87242",NA,"T",4e-06,4.039,"2.226","7.329","Tao F 2019","GCST007304"
"3","rs303143","4:123234042","4:124155197","4:124374647","4:124512802","SPATA5:0|NUDT6:311074|LOC105377404:91617|AC026402.1:25907|COILP2:207952",NA,"A",8e-07,30.30303,"7.81","111.11","Tao F 2019","GCST007304"
"4","rs641712","1:86022549","1:86488232","1:86260820","1:86200253","AC104455.1:7305|COL24A1:0|RNA5SP51:138751|LOC107985061:7223",NA,"G",9e-06,2.415459,"1.64","3.56","Tao F 2019","GCST007304"
