"id","snp","hg38","hg19","hg18","hg17","gene","raf","riskAllele","pValue","oddsRatio","lowerCI","upperCI","study","studyID"
"1","rs7712274","5:41773628","5:41773730","5:41809487","5:41809487","AC034222.2:95347|OXCT1:0|OXCT1-AS1:96402|AC008817.1:185841|TCP1P2:185710|LOC102723752:92828|OXCT1-AS1:96299",0.77228,"T",2e-16,1.1061947,"1.08","1.14","Benonisdottir S 2019","GCST008607"
"2","rs7712274","5:41773628","5:41773730","5:41809487","5:41809487","AC034222.2:95347|OXCT1:0|OXCT1-AS1:96402|AC008817.1:185841|TCP1P2:185710|LOC102723752:92828|OXCT1-AS1:96299",0.7723,"T",1e-15,1.1337868,"1.1","1.16","Benonisdottir S 2019","GCST008608"
"3","rs7712274","5:41773628","5:41773730","5:41809487","5:41809487","AC034222.2:95347|OXCT1:0|OXCT1-AS1:96402|AC008817.1:185841|TCP1P2:185710|LOC102723752:92828|OXCT1-AS1:96299",0.7723,"T",2e-06,1.0775862,"1.04","1.11","Benonisdottir S 2019","GCST008609"
