"id","snp","hg38","hg19","hg18","hg17","gene","raf","riskAllele","pValue","oddsRatio","lowerCI","upperCI","study","studyID"
"1","rs10222981","4:6759326","4:6761053","4:6811954","4:6879125","KIAA0232:23401|AC093323.2:66356|LINC02481:68807|AC093323.1:82571|LOC105374367:4188|LOC105378240:45278|MRFAP1L1:49461|AC106045.1:4182|LINC02482:85361|S100P:62156|LOC93622:83279|LINC002481:68807|LINC02482:85445|BLOC1S4:41662|KIAA0232:22049|AC093323.3:60517",0.08,"T",1e-06,2.06,"1.77","2.35","Mukherjee S 2018","GCST007334"
"2","rs13374908","1:179780639","1:179749774","1:178016397","1:176481431","TOR1AIP2:59328|TDRD5:89367|MIR12116:23285|LOC107985229:39500|LOC105371634:35545|LOC105371635:50579|AL359853.2:37942|LINC02818:48970|AL359853.1:35545|TOR1AIP2:59337|FAM163A:0",0.24,"A",2e-06,1.59,"1.39","1.79","Mukherjee S 2018","GCST007334"
"3","rs28715896","2:211695376","2:212560101","2:212268346","2:212385607","MTCO1P46:82897|RNA5SP119:159607|MTND2P23:81830|ERBB4:0",0.43,"G",4e-06,1.5873016,"1.39","1.78","Mukherjee S 2018","GCST007334"
"4","rs365521","17:62944934","17:61022295","17:58376027","17:58376027","MIR633:622|TANC2:64622|AC005972.1:33560|TRMT112P3:5725|TRMT112P3:5897|AC005972.2:59738|TANC2:21301|AC005972.3:0",0.53,"G",1e-06,1.5873016,"1.39","1.78","Mukherjee S 2018","GCST007334"
"5","rs61835453","10:2717604","10:2759796","10:2749796","10:2749796","AL713851.1:98865|AL355361.1:7215|LOC105376352:258807|LOC105376350:98862",0.06,"C",8e-07,2.173913,"1.86","2.49","Mukherjee S 2018","GCST007334"
"6","rs75337321","3:54550560","3:54584587","3:54559627","3:54559627","RPS15P5:75655|LOC107986088:62693|CABYRP1:501695|CACNA2D3:0|ESRG:81564|RPS15P5:75593|AC115282.1:425183|ESRG:81562",0.06,"T",5e-06,2.21,"1.88","2.54","Mukherjee S 2018","GCST007334"
"7","rs10959548","9:1121085","9:1121085","9:1111085","9:1111085","DMRT2:63533|RPS27AP14:43329|LINC01230:72444|DMRT2:63531|AL358976.1:78477|AL356498.1:30722",0.3,"T",6e-06,2.12,"1.79","2.45","Pottier C 2018","GCST006152"
"8","rs12671090","7:157088226","7:156880920","7:156573681","7:156380396","MNX1:77563|MNX1-AS2:81094|UBE3C:50690|AC006967.3:21754|LOC105375607:22939|MNX1-AS2:81106|AC006967.1:0|AC006967.2:29712|MNX1-AS1:71802|LOC645272:0|MNX1-AS1:71800|UBE3C:50700",0.6,"G",4e-06,2.2727273,"1.27","11.11","Pottier C 2018","GCST006152"
