"id","snp","hg38","hg19","hg18","hg17","gene","raf","riskAllele","pValue","oddsRatio","lowerCI","upperCI","study","studyID"
"1","rs111945767","6:32549268","6:32517045","6:32625023","6:32625023","HLA-DRB5:18952|RNU1-152P:27009|HLA-DRB5:18981|HLA-DQA1:78911|HLA-DRB9:75768|LOC107986589:87920|HLA-DRB6:3445|HLA-DRB1:29501|RNU1-61P:672|HLA-DRB9:89179|HLA-DQA1:88138",0.38,"G",3e-17,1.923077,"1.64","2.27","Seldin MF 2015","GCST003251"
"2","rs12653117","5:9386473","5:9386585","5:9439585","5:9439585","MIR4636:332578|SEMA5A:0|AC091906.1:0|SEMA5A-AS1:124860|AC027335.2:111928",0.08,"T",5e-07,1.76,"1.42","2.17","Seldin MF 2015","GCST003251"
"3","rs2476601","1:113834946","1:114377568","1:114179091","1:114089610","AP4B1:59248|AL137856.1:0|PTPN22:0|DCLRE1B:70267|HIPK1-AS1:89054|DCLRE1B:69673|HIPK1:94378|BCL2L15:41870|HIPK1-AS1:89055|AP4B1-AS1:21689|PHTF1:75058|RSBN1:22470|RSBN1:22409|PHTF1:75457|AP4B1-AS1:0",0.11,"A",7e-06,1.62,"1.31","1.99","Seldin MF 2015","GCST003251"
"4","rs4128527","8:71770458","8:72682693","8:72845247","8:72845247","AC104012.2:9147|MSC-AS1:72665|MSC:71084|MSC-AS1:57709|LOC107986890:32495|AC009446.1:67672|MSC:71091|AC104012.1:45036",0.81,"C",4e-06,1.6129031,"1.30","2.00","Seldin MF 2015","GCST003251"
"5","rs4518467","6:91486680","6:92196398","6:92253119","6:92253119","AL080284.1:93680|MIR4643:34980|CASC6:70612|LOC107986624:119912",0.07,"A",4e-06,1.77,"1.40","2.23","Seldin MF 2015","GCST003251"
"6","rs4574025","18:62342581","18:60009814","18:58160794","18:58160794","RELCH:32364|AC100843.2:30313|ACTBP9:99343|TNFRSF11A:0|AC100843.3:75737|ACTBP9:99447|AC100843.1:11668|KIAA1468:32332|RPL17P44:73076|AC027514.2:41583|RPL17P44:73097|AC027514.1:95169",0.47,"C",4e-07,1.42,"1.24","1.63","Seldin MF 2015","GCST003251"
"7","rs6914704","6:1759646","6:1759880","6:1704879","6:1704879","GMDS:0|AL035693.1:468157|LOC107986514:91324|LOC107986513:45565|LOC107986512:467691|FOXC1:145749",0.51,"C",2e-06,1.3888888,NA,NA,"Seldin MF 2015","GCST003251"
"8","rs6998967","8:80451970","8:81364205","8:81526760","8:81526760","AC009812.5:32619|AC034114.2:0|RNU6-1213P:46361|AC009812.4:89330|AC009812.3:83036|ZBTB10:33623|AC009812.1:32591|LOC105375921:32276|LOC105375922:919|ZBTB10:33649",0.83,"G",9e-10,1.8867927,"1.54","2.38","Seldin MF 2015","GCST003251"
"9","rs9963862","18:23007948","18:20587911","18:18841909","18:18841909","RN7SL745P:3086|RBBP8:0|AC106033.1:16648|MIR4741:74510|AC090912.1:74184|CABLES1:126616",0.34,"G",4e-07,1.44,"1.25","1.66","Seldin MF 2015","GCST003251"
