"id","snp","hg38","hg19","hg18","hg17","gene","raf","riskAllele","pValue","oddsRatio","lowerCI","upperCI","study","studyID"
"1","rs1983890","10:6136651","10:6178614","10:6218620","10:6218620","RN7SKP78:12972|MIR3155B:15556|PFKFB3:8267|RPL32P23:64730|AL157395.1:60961|MIR3155A:15545|IL2RA:74284|RBM17:19194|PFKFB3:8283|LOC101928080:0|IL2RA:74281|RBM17:19192|RPL32P23:64733",0.642,"C",3e-08,1.2302363,"1.14396450049362","1.32301382549448","Cousminer DL 2018","GCST007245"
"2","rs9273368","6:32658698","6:32626475","6:32734453","6:32734453","HLA-DQB1-AS1:1182|MIR3135B:91214|HLA-DQB3:72060|HLA-DQB2:97396|LOC102725019:59318|HLA-DQA2:82693|MTCO3P1:47426|RNU1-152P:82275|HLA-DRB6:98696|HLA-DQB1:769|HLA-DRB1:68862|HLA-DRB6:98676|MTCO3P1:47446|LOC107986589:16025|HLA-DQB2:97400|HLA-DQA1:11636|HLA-DQA1:3852|AL662789.1:59307|HLA-DRB1:68850",0.35,"G",8e-40,2.99,"2.60","3.91","Cousminer DL 2018","GCST007247"
