"id","snp","hg38","hg19","hg18","hg17","gene","raf","riskAllele","pValue","oddsRatio","lowerCI","upperCI","study","studyID"
"1","rs35677470","3:58197909","3:58183636","3:58158676","3:58158676","FLNB:25658|ABHD6:39623|LOC107986091:15881|FLNB-AS1:27274|DNASE1L3:0|AC137936.2:10414|LOC105377650:16069|AC137936.1:19535|FLNB-AS1:27273|ABHD6:39593",0.05949,"A",1e-20,1.6241,NA,NA,"Mayes MD 2014","GCST005533"
"2","rs3902025","17:39963001","17:38119254","17:35372780","17:35372780","MED24:56103|AC090844.2:23400|PSMD3:17806|THRA:95289|MIR6884:63331|ORMDL3:35400|GSDMB:44351|SNORD124:64541|GSDMA:0|LRRC3C:18267|MED24:56096|IKZF3:98689|ZPBP2:85105|CSF3:52360|CSF3:52439|AC090844.3:49225|LOC112268187:33547|THRA:99192|GSDMB:43147|LRRC3C:18002",0.4405,"C",2e-06,1.1484,NA,NA,"Mayes MD 2014","GCST005533"
"3","rs77583790","3:159976265","3:159694053","3:161176747","3:161176755","IL12A:12570|LOC105374314:55994|IL12A-AS1:0|LINC01100:39759|SCHIP1:78899|LINC01100:44384|IQCJ-SCHIP1:78899|SCHIP1:78905",0.004013,"A",2e-11,2.814,NA,NA,"Mayes MD 2014","GCST005533"
"4","rs9373839","6:106207742","6:106655617","6:106762310","6:106762310","RNU6-344P:96434|ATG5:0|RN7SL47P:75671|PRDM1:97804|AL022067.2:63892|PRDM1:97803",0.1893,"G",8e-07,1.1966,NA,NA,"Mayes MD 2014","GCST005533"
