"id","snp","hg38","hg19","hg18","hg17","gene","raf","riskAllele","pValue","oddsRatio","lowerCI","upperCI","citation","studyID"
"1","rs2098242","2:47729680","2:47956819","2:47810323","2:47868470","LOC105374589:25908|LOC100289315:23644|MSH6:0|AC006509.2:23701|MSH2:66534|RPL36AP15:68078|AC006509.3:51699|FBXO11:77240|LOC440864:19984|AC006509.1:1722|MSH6:53402|RPL18AP6:38397|MSH2:95179|FBXO11:59636|RPL36AP15:68146|AC079250.1:38434",NA,"T",8e-06,3.179,NA,NA,"Jia P 2017","GCST004408"
"2","rs35824328","2:214229542","2:215094266","2:214802511","2:214919772","RPL5P8:51096|LOC101928084:126564|AC068051.1:12134|SPAG16:0|RPL5P8:51047|MIR4438:471383",NA,"C",7e-06,2.793,NA,NA,"Jia P 2017","GCST004408"
"3","rs4718789","7:68579188","7:68044175","7:67682111","7:67488826","AC093655.1:259512|LOC100419458:61570|AC004910.1:61610|LOC105375341:259530",NA,"T",5e-07,4.443,NA,NA,"Jia P 2017","GCST004408"
"4","rs2209842","13:102424143","13:103076493","13:101874494","13:101874494","FGF14:21686|FGF14-IT1:29624|FGF14-AS1:50477|FGF14-AS2:28438|FGF14-AS2:28440|LINC00555:165229|LOC107984588:169194|FGF14:21700",NA,"G",8e-06,1.671,NA,NA,"Jia P 2017","GCST004411"
"5","rs4978818","9:109509949","9:112272229","9:111312050","9:109351784","MIR3927:1526|PTPN3:11636|PTPN3:0|YBX1P6:22467|EPB41L4B:188985|YBX1P6:22881|PALM2AKAP2:0",NA,"C",2e-07,2.132196,NA,NA,"Jia P 2017","GCST004411"
"6","rs7019068","9:109348448","9:112110728","9:111150549","9:109190283","AL359963.1:23652|EPB41L4B:27484|PTPN3:27246|PTPN3:27018|MTND2P11:47304|MTND2P11:47276",NA,"C",4e-06,2.1645021,NA,NA,"Jia P 2017","GCST004411"
