"id","snp","hg38","hg19","hg18","hg17","gene","raf","riskAllele","pValue","oddsRatio","lowerCI","upperCI","study","studyID"
"1","rs16841143","2:208384849","2:209249574","2:208957819","2:209075080","H3P9:81389|PIKFYVE:26103|PIKFYVE:26102|AC019185.1:85001|PTH2R:0|LOC105373855:15963|ARPC1BP1:23480|LOC100288663:23480",NA,"A",4e-07,1.2309,"1.07","1.39","Erlangsen A 2018","GCST006420"
"2","rs182087934","2:183742707","2:184607434","2:184315679","2:184432940","AC093639.3:155243|CACYBPP2:134588|LOC105373775:306527|CACYBPP2:134432",NA,"A",7e-08,1.8276,"1.4","2.26","Erlangsen A 2018","GCST006420"
"3","rs384005","5:88709286","5:88005103","5:88040859","5:88040859","AC008525.2:16427|MIR9-2:42347|MEF2C:7831|MEF2C-AS2:0|LINC00461:18245|LOC107986361:79903|LINC00461:18229|AC008525.1:14245",NA,"T",4e-07,1.1630613,"1.05","1.28","Erlangsen A 2018","GCST006420"
"4","rs4554696","1:65942328","1:66408011","1:66180599","1:66120032","LOC101927139:100172|PDE4B:0|PDE4B-AS1:100172|RN7SL854P:180976",NA,"C",6e-09,1.1748121,"1.07","1.28","Erlangsen A 2018","GCST006420"
"5","rs62199592","2:183858773","2:184723500","2:184431745","2:184549006","AC093639.3:39177|CACYBPP2:250654|AC093639.1:45756|CACYBPP2:250498|LOC105373775:190461",NA,"G",6e-07,1.6071,"1.24","1.97","Erlangsen A 2018","GCST006420"
"6","rs6475417","9:20212043","9:20212041","9:20202041","9:20202041","SLC24A2:0|AL512635.1:119403|SMNP:119365|AL591222.3:244049|GLRX3P1:244033",NA,"G",7e-07,1.1434,"1.04","1.25","Erlangsen A 2018","GCST006420"
"7","rs6661750","1:66081201","1:66546884","1:66319472","1:66258905","PDE4B:0|LOC101927139:30483|RNU4-88P:13260|PDE4B-AS1:30483",NA,"G",5e-07,1.1432,"1.04","1.25","Erlangsen A 2018","GCST006420"
"8","rs1908557","4:89500202","4:90421353","4:90640376","4:90778531","AC093866.1:0|GPRIN3:192402|AC097478.4:82305|LOC105377329:51131|LOC105377328:14643",NA,"T",3e-08,1.348,"1.213","1.497","Li QS 2016","GCST003800"
