"id","snp","hg38","hg19","hg18","hg17","gene","raf","riskAllele","pValue","oddsRatio","lowerCI","upperCI","citation","studyID"
"1","rs1206818","20:47077153","20:45705792","20:45139199","20:45139199","MIR3616:89814|AL022342.1:83685|AL121776.1:4917|GAPDHP54:78665|GAPDHP54:78676|RPS2P54:83648|EYA2:0",0.23,"A",7e-08,1.41,"1.24","1.59","McGraw KL 2019","GCST009516"
"2","rs1634783","6:31315827","6:31283604","6:31391583","6:31391583","WASF5P:26712|ZDHHC20P2:64584|AL671883.2:40820|WASF5P:26863|DHFRP2:47640|HLA-C:43697|AL671883.1:7278|RPL3P2:34308|HLA-S:65742|LINC02571:14185|MIR6891:39397|LINC02571:14190|USP8P1:37073|RNU6-283P:54307|MICA-AS1:78462|AL671883.3:51230|MICA:84884|AL645933.3:78462|AL662844.1:92734|HLA-C:43735|AL645933.1:86325|HLA-B:0|AL662844.2:90769|DHFRP2:50525|HLA-S:66247|ZDHHC20P2:64581|AL645933.5:84875|HLA-B:38048|MICA:83957|FGFR3P1:61890|RPL3P2:34256|USP8P1:36403|LOC112267902:7232|FGFR3P1:61592",0.5,"G",8e-07,1.3157895,"1.19","1.49","McGraw KL 2019","GCST009516"
"3","rs2947170","12:127545976","12:128030521","12:126596474","12:126555401","LOC100420119:78177|LINC02411:85272|AC068787.1:82779|AC068787.2:12734|AC068787.3:59301|LOC105370066:75486|AC025252.2:52192|LINC02411:85293|AC025252.3:78177|LOC105370067:38213|AC068787.4:90342|AC068787.5:17932|AC025252.1:73360",0.07,"T",1e-07,1.65,"1.37","1.99","McGraw KL 2019","GCST009516"
"4","rs341274","5:107549741","5:106885442","5:106913341","5:106913341","PSMC1P5:354409|AC024587.2:149651|EFNA5:0|LOC345576:175079",0.22,"A",4e-06,1.35,"1.19","1.53","McGraw KL 2019","GCST009516"
"5","rs34539210","3:68910754","3:68959905","3:69042595","3:69042595","EOGT:64466|EOGT:64463|FAM19A4:0|RNA5SP135:27663|TAFA4:0",0.76,"T",4e-06,1.3888888,"1.2","1.59","McGraw KL 2019","GCST009516"
"6","rs4404050","15:91593747","15:92136977","15:89937981","15:89937981","AC107958.1:83024|CRAT37:98897|LOC105370973:49466|AC107958.2:49270|AC107958.3:58652|AC104035.1:0",0.33,"T",6e-06,1.31,"1.17","1.47","McGraw KL 2019","GCST009516"
"7","rs6683416","1:186944695","1:186913827","1:185180450","1:183645484","PLA2G4A:0|LINC01036:148147|PACERR:263249|ERVMER61-1:126005",0.75,"C",6e-06,1.369863,"1.19","1.56","McGraw KL 2019","GCST009516"
"8","rs7099032","10:85873038","10:87632795","10:87622775","10:87622775","AC022028.1:163871|RNA5SP322:179410|GRID1:0|RN7SKP238:222778",0.75,"A",9e-06,1.3513513,"1.19","1.56","McGraw KL 2019","GCST009516"
