"id","snp","hg38","hg19","hg18","hg17","gene","raf","riskAllele","pValue","oddsRatio","lowerCI","upperCI","citation","studyID"
"1","rs12193446","6:129498893","6:129820038","6:129861731","6:129861731","RNU6-861P:61913|AL356124.2:17483|ARHGAP18:77239|AL356124.1:0|LAMA2:0|LOC102723409:0",0.899,"A",7e-23,1.718953,"1.569216","1.882978","Boutin TS 2019","GCST009962"
"2","rs2573210","2:232520315","2:233385025","2:233093269","2:233210530","EFHD1:85742|MIR5001:30159|CHRND:5678|DIS3L2P1:72349|CHRND:5845|ECEL1:32481|DIS3L2P1:72897|TIGD1:27655|AC073254.1:60633|AC068134.2:98854|ALPI:59562|EIF4E2:30272|CHRNG:19377|PRSS56:73|EIF4E2:30359|LOC105373929:75067",0.193,"G",4e-16,1.304012,"1.217811","1.396314","Boutin TS 2019","GCST009962"
"3","rs3138142","12:55721801","12:56115585","12:54401852","12:54401852","PSMB3P1:66567|OR10P1:83947|DNAJC14:99159|OR10AE3P:75139|ITGA7:5758|METTL7B:37190|AC009779.7:59300|SARNP:30662|OR10AE3P:75138|AC009779.5:66633|AC073487.1:39749|GDF11:21321|AC009779.3:7303|LOC105369779:7303|RDH5:0|AC009779.4:0|OR10P1:83968|AC009779.1:10565|AC023055.1:35474|BLOC1S1:2094|BLOC1S1:1714|ITGA7:5764|AC009779.6:62006|ORMDL2:96240|CD63:3522|CD63:3642|AC009779.2:9463|BLOC1S1-RDH5:0",0.752,"C",7e-12,1.258091,"1.181259","1.339921","Boutin TS 2019","GCST009962"
"4","rs562698611","17:81661449","17:79628479","17:77238884","17:77238884","PDE6G:0|MIR6786:32308|SLC25A10:50787|ARL16:19725|AC139530.3:35576|CCDC137:5248|AC137896.1:87847|TSPAN10:12700|CCDC137:5288|MRPL12:41918|OXLD1:3587|TSPAN10:12694|ARL16:19716|NPLOC4:12984|LOC105371929:72120|AC139530.1:39875|AC139530.2:41922|HGS:21877|HGS:22562|NPLOC4:24301",0.358,"G",2e-13,1.228684,"1.161475","1.299783","Boutin TS 2019","GCST009962"
"5","rs570124667","2:146172201","2:146929769","2:146646239","2:146763501","RNU7-2P:26984|RPL17P12:22095|LOC105373667:31514|RNU7-2P:26985",0.547,"A",1e-08,1.176379,"1.113429","1.242889","Boutin TS 2019","GCST009962"
"6","rs72621438","8:59266021","8:60178580","8:60341134","8:60341134","RNA5SP267:189864|LOC100505501:142543|AC087698.1:128519",0.642,"C",2e-08,1.175917,"1.111137","1.244475","Boutin TS 2019","GCST009962"
