"id","snp","hg38","hg19","hg18","hg17","gene","raf","riskAllele","pValue","oddsRatio","lowerCI","upperCI","citation","studyID"
"1","rs2758605","1:156230654","1:156200445","1:154467069","1:153013518","PAQR6:12666|PMF1-BGLAP:0|SEMA4A:52902|SLC25A44:17858|TMEM79:52259|TMEM79:52281|VHLL:67970|BGLAP:11530|SMG5:18570|AL135927.1:38451|PMF1:0|LMNA:90565|CCT3:78314|GLMP:59435|SEMA4A:52903|CCT3:78307|GLMP:62033",0.87,"G",3e-08,1.1627907,"1.11","1.2","Chung J 2019","GCST008876"
"2","rs72932727","2:202784778","2:203649501","2:203357746","2:203475007","FAM117B:15021|LOC442064:10333|WDR12:89483|AC098831.1:10418|KRT8P15:55308|ICA1L:0|KRT8P15:55553",0.66,"G",2e-08,1.1111112,"1.06","1.15","Chung J 2019","GCST008876"
"3","rs9515201","13:110388451","13:111040798","13:109838799","13:109838799","COL4A1:81294|COL4A2:0|COL4A2-AS2:67946|MIR8073:47422|COL4A2-AS2:67945",0.33,"A",5e-10,1.08,"1.06","1.10","Chung J 2019","GCST008876"
