"id","snp","hg38","hg19","hg18","hg17","gene","raf","riskAllele","pValue","oddsRatio","lowerCI","upperCI","study","studyID"
"1","rs11631094","15:34332237","15:34624438","15:32411730","15:32411730","NOP10:9482|AC021822.1:17409|LPCAT4:26396|AC079203.2:74405|SLC12A6:0|ACTG1P15:41297|EMC4:102081|AC025678.3:83213|GOLGA8A:46831|MIR1233-1:49832|ACTG1P15:41304|NUTM1:11078|AC025678.1:62357|AC025678.2:77388|LOC100422491:77317",0.71,"C",3e-07,1.01,NA,NA,"Dong J 2018","GCST006528"
"2","rs1548445","16:19680261","16:19691583","16:19599084","16:19599084","VPS35L:0|CCP110:126853|KNOP1:21676|IQCK:36195|AC002550.2:13774|AC002550.1:26090|LOC105371115:79844|AC027130.1:80911",0.06,"G",8e-07,1.02,NA,NA,"Dong J 2018","GCST006528"
"3","rs2671828","17:35404745","17:33731764","17:30755877","17:30755877","AC060766.4:372|AC060766.7:1939|SLFN13:30351|AC015911.7:93473|E2F3P1:85264|AC060766.3:27067|SLFN12:2426|LOC105371933:29886|AC060766.6:1739|LOC729835:26999|SLFN12L:70175|TAF5LP1:93309|SLFN12:6315|AC022706.1:79296|SLFN11:31044|SLFN11:30831|AC015911.5:73249|LOC100420061:54541|LOC101060119:60171|AC015911.8:65324|AC015911.4:54736|E2F3P1:85287|SLFN12L:59504|LOC729839:2004|AC015911.11:70159|AC060766.5:2203|AC060766.1:4857|AC060766.2:60181|AC015911.3:94945",0.57,"G",1e-06,1.010101,NA,NA,"Dong J 2018","GCST006528"
"4","rs9668109","12:98617494","12:99011272","12:97535403","12:97513740","SNORA53:17610|SLC25A3:11127|PPIAP8:26247|IKBIP:0|SLC25A3:11115|SNORA53:17611|TMPO:67115|APAF1:27647|APAF1:27796|PPIAP8:26280",0.91,"G",6e-07,1.0204082,NA,NA,"Dong J 2018","GCST006528"
