"id","snp","hg38","hg19","hg18","hg17","gene","raf","riskAllele","pValue","oddsRatio","lowerCI","upperCI","study","studyID"
"1","rs12521798","5:79890115","5:79185938","5:79221694","5:79221694","AC008496.1:40269|LOC105379048:0|MTX3:86601|LINC01455:46464|AC008496.3:44876|LOC102724557:43725|CMYA5:89875|CMYA5:89889|AC008496.2:73925",NA,"A",4e-06,2.76,"1.73","4.38","Campo C 2016","GCST003964"
"2","rs17748074","18:52420925","18:49947295","18:48201293","18:48201293","AC016383.1:81900|MIR4528:816176|DCC:0|AC011155.1:11668|VN1R76P:1272|VN1R76P:1281",NA,"A",9e-06,1.96,"1.45","2.65","Campo C 2016","GCST003964"
"3","rs6552496","4:181371930","4:182293083","4:182530077","4:182668232","TENM3:75683|LOC107986205:3844|AC093840.1:150736|LINC02500:106785|LINC02500:106901",NA,"C",8e-06,2,"1.46","2.76","Campo C 2016","GCST003964"
"4","rs8060632","16:83591958","16:83625563","16:82183064","16:82183064","LOC105371366:72628|CDH13:0|AC009063.3:95821|MIR3182:83550",NA,"A",2e-06,2.31,"1.61","3.32","Campo C 2016","GCST003964"
"5","rs924607","5:609978","5:610093","5:663093","5:663093","MIR4456:74096|LOC107986395:82523|LOC105374607:32905|LOC105374608:0|LOC101929898:83539|AC106772.1:0|TPPP:49884|CEP72:2362|SLC9A3:85529|LOC100996325:0|AC106772.2:82530|LOC105374606:53591|AC026740.1:65848",NA,"T",6e-09,2.43,"1.70","3.49","Diouf B 2015","GCST002792"
"6","rs1857798","4:164448974","4:165370126","4:165589576","4:165727731","RNU6-284P:171758|AC074198.1:148745|MARCH1:64924|MARCHF1:64924",0.38,"C",8e-06,2.2727273,"1.52","3.45","Sucheston-Campbell LE 2018","GCST005804"
"7","rs1858826","7:93719703","7:93349015","7:93186951","7:92993666","GNGT1:0|AC002075.2:49626|MIR4652:2698|NDUFAF4P2:125022|RPS27P17:49591|AC002075.1:58136",0.1,"G",1e-07,3.448276,"2.17","5.56","Sucheston-Campbell LE 2018","GCST005804"
"8","rs910920","17:797882","17:701122","17:647872","17:647872","NXN:1428|AC087392.3:32563|GEMIN4:43883|VPS53:83036|DBIL5P:42546|VPS53:76165|MRM3:5373|AC087392.2:80020|FAM57A:54914|GLOD4:14492|GLOD4:8052|AC087392.4:7357|TLCD3A:54914|AC087392.5:2088|GEMIN4:45014",0.31,"A",5e-06,1.754386,"1.37","2.22","Sucheston-Campbell LE 2018","GCST005804"
"9","rs10555080","19:31552265","19:32043171","19:36735011","19:36735011","LOC105372360:0|LOC107985311:130799|THEG5:35924|AC011525.2:35894|AC011525.1:35775|LINC02841:0|AC008794.1:85834",0.3,"A",3e-07,1.34,"1.20","1.50","Tang Y 2019","GCST008223"
