"id","snp","hg38","hg19","hg18","hg17","gene","raf","riskAllele","pValue","oddsRatio","lowerCI","upperCI","citation","studyID"
"1","rs1229984","4:99318162","4:100239319","4:100458342","4:100596497","AP002026.1:16806|ADH1C:18335|ADH7:94099|LOC100507053:16806|LOC102723576:60693|ADH1B:0|ADH1A:27177|ADH6:98916|ADH1A:27159|ADH6:98625",0.94,"G",2e-15,1.7898692,NA,NA,"Lesseur C 2016","GCST003857"
"2","rs1453414","11:5807854","11:5829084","11:5785660","11:5785660","OR52P1P:80394|OR52E7P:66106|OR56B2P:41809|OR52E5:92911|TRIM22:96991|TRIM5:0|OR52U1P:87642|OR52Q1P:95782|OR52N4:51949|OR56B2P:40389|OR52P1P:80390|TRIM22:70765|OR52E5:85354|OR52E6:33074|OR52E4:76439|OR52E4:72775|OR56B1:69331|OR52N4:51896|OR52E8:48820|OR52N3P:6533|OR52N5:29187|OR52U1P:87588|OR52N1:16589|OR52N5:24499|OR52N3P:6557|OR52E8:48895|OR52N2:12460|OR52N1:19038|OR52N2:0|LOC112268071:72685|OR52Q1P:95913",0.2,"C",5e-08,1.1945,NA,NA,"Lesseur C 2016","GCST003857"
"3","rs3828805","6:32668343","6:32636120","6:32744098","6:32744098","HLA-DQA2:73048|HLA-DQA1:13497|HLA-DRB1:78495|HLA-DQB2:87755|HLA-DQB3:62415|HLA-DQA1:21281|HLA-DQB2:87751|AL662789.1:49662|HLA-DQB1:0|HLA-DRB1:78507|RNU1-152P:91920|MIR3135B:81569|MTCO3P1:37781|HLA-DQB1-AS1:7614|MTCO3P1:37801|HLA-DQB1:1686|LOC107986589:25670|LOC102725019:49673",0.72,"C",3e-13,1.2759,NA,NA,"Lesseur C 2016","GCST003857"
"4","rs77452476","9:131087186","9:133962573","9:132952394","9:130992127","AIF1L:9290|RNU6-881P:39804|NUP214:38400|AL583807.1:65880|LAMC3:0|LOC105376297:141686|AL157938.2:45666",0.16,"C",3e-07,1.24,NA,NA,"Lesseur C 2016","GCST003857"
"5","rs79767424","5:19108581","5:19108690","5:19144447","5:19144447","RPL32P14:67213|HSPD1P15:124785|AC106744.2:69782|AC106744.1:0|HSPD1P15:124724|RPL32P14:67195",0.97,"C",4e-10,1.812908,NA,NA,"Lesseur C 2016","GCST003857"
