"id","snp","hg38","hg19","hg18","hg17","gene","raf","riskAllele","pValue","oddsRatio","lowerCI","upperCI","citation","studyID"
"1","rs885036","2:98688331","2:99304794","2:98671226","2:98763312","LOC101927070:72732|YWHAQP5:5784|RNU4-84P:94079|COA5:79819|UNC50:69816|MGAT4A:0|LOC107985922:61021|COA5:79816|INPP4A:93939|LINC02611:72767|YWHAQP5:5778",NA,"A",2e-08,2.13,"1.64","2.78","Pander J 2015","GCST003057"
"2","rs2073016","6:41053183","6:41020922","6:41128900","6:41128900","NFYA:19791|LOC101929555:29903|UNC5CL:13962|APOBEC2:121|AL031778.1:27441|OARD1:11589|APOBEC2:18|OARD1:0|TSPO2:8846|ADCY10P1:47851|NFYA:19762|TREML1:95914|TREML1:96159|ADCY10P1:47839",NA,"T",4e-06,1.62,NA,NA,"Pander J 2015","GCST003058"
"3","rs2936519","8:6781719","8:6639240","8:6626650","8:6626650","LOC107986909:23295|AGPAT5:20216|MCPH1-AS1:73495|XKR5:26798|LOC100422495:60709|MCPH1-AS1:73510|AF233439.1:53816|MIR4659A:36475|MIR4659B:36479|DEFB1:88873|GS1-24F4.2:53835|AF233439.3:0",NA,"A",2e-07,1.8867927,"1.49","2.33","Pander J 2015","GCST003058"
"4","rs4377367","2:130967332","2:131724905","2:131441375","2:131558637","AC112786.1:37449|ARHGEF4:0|CYCSP8:190175|SMIM39:67760|FAM168B:80544|AC112786.2:37448",NA,"C",6e-06,1.5873016,"1.32","1.92","Pander J 2015","GCST003058"
