"id","snp","hg38","hg19","hg18","hg17","gene","raf","riskAllele","pValue","oddsRatio","lowerCI","upperCI","study","studyID"
"1","rs1857798","4:164448974","4:165370126","4:165589576","4:165727731","RNU6-284P:171758|AC074198.1:148745|MARCH1:64924|MARCHF1:64924",0.38,"C",8e-06,2.2727273,"1.52","3.45","Sucheston-Campbell LE 2018","GCST005804"
"2","rs1858826","7:93719703","7:93349015","7:93186951","7:92993666","GNGT1:0|AC002075.2:49626|MIR4652:2698|NDUFAF4P2:125022|RPS27P17:49591|AC002075.1:58136",0.1,"G",1e-07,3.448276,"2.17","5.56","Sucheston-Campbell LE 2018","GCST005804"
"3","rs910920","17:797882","17:701122","17:647872","17:647872","NXN:1428|AC087392.3:32563|GEMIN4:43883|VPS53:83036|DBIL5P:42546|VPS53:76165|MRM3:5373|AC087392.2:80020|FAM57A:54914|GLOD4:14492|GLOD4:8052|AC087392.4:7357|TLCD3A:54914|AC087392.5:2088|GEMIN4:45014",0.31,"A",5e-06,1.754386,"1.37","2.22","Sucheston-Campbell LE 2018","GCST005804"
