"id","snp","hg38","hg19","hg18","hg17","gene","raf","riskAllele","pValue","oddsRatio","lowerCI","upperCI","citation","studyID"
"1","rs251468","5:149814922","5:149194485","5:149174678","5:149174678","PPARGC1B:0|LOC105378224:93243|PDE6A:43031|RN7SL868P:92550|MIR378A:82032",0.82,"C",6e-12,1.2987013,"1.2","1.39","Endo C 2018","GCST006096"
"2","rs35563099","10:117812892","10:119572403","10:119562393","10:119562393","LOC107984274:80450|LOC105378504:121933|AL513324.1:13002|LOC102724627:58218|LINC02674:59563",0.913,"C",1e-06,1.2820514,"1.16","1.43","Endo C 2018","GCST006096"
"3","rs61866017","10:117842913","10:119602424","10:119592414","10:119592414","LINC02674:89584|LOC105378504:91912|LOC102724627:88239|RAB11FIP2:162003|AL513324.1:11669",0.84,"G",1e-09,1.2820514,"1.18","1.37","Endo C 2018","GCST006096"
