"id","snp","hg38","hg19","hg18","hg17","gene","raf","riskAllele","pValue","oddsRatio","lowerCI","upperCI","study","studyID"
"1","rs12692501","2:13488323","2:13628448","2:13545899","2:13579046","NACAP4:95365|AC093912.1:156640|LOC105373437:85090|LOC105373485:31171|AC073062.1:49350",NA,"A",1e-06,1.2,"1.12","1.30","Napier MD 2018","GCST005936"
"2","rs2234247","6:41163990","6:41131728","6:41239706","6:41239706","TREML5P:85387|TREML3P:44564|APOBEC2:99479|TREML1:5540|ADCY10P1:23155|TREML5P:83379|TREML2:25759|NFYA:64014|OARD1:66203|AL391903.2:86861|TREM2:874|TREML3P:44723|AL031778.1:62934|TREML4:64297|NFYA:61587|AL391903.3:88706|TREML4:64349|LOC107986595:16491|RNA5SP207:75530|LOC105375056:0|TREM2:804|TREML1:9653|APOBEC2:99099|LOC105375055:57275",NA,"G",1e-06,1.5873016,"1.32","1.92","Napier MD 2018","GCST005936"
"3","rs3922844","3:38582762","3:38624253","3:38599257","3:38599257","RPL18AP7:55437|EXOG:40601|RPL18AP7:55400|DDTP1:66932|SCN10A:114040|SCN10A:114348|SCN5A:0|ACVR2B:89620|AP006241.1:77181|EXOG:56457",NA,"T",2e-07,1.18,"1.11","1.26","Napier MD 2018","GCST005936"
"4","rs8086068","18:30783657","18:28363623","18:26617621","18:26617621","LOC105372047:396798|AC090506.1:69371|AC090506.2:3233|AC016382.1:171163|RNU6-857P:200449",0.17,"C",3e-09,1.75,"1.46","2.11","Napier MD 2018","GCST005936"
"5","rs9471077","6:39340966","6:39308742","6:39416720","6:39416720","KCNK16:17998|KIF6:0|AL136087.1:12781|LOC107986594:10429|KCNK17:26505|LOC100124373:12879|KCNK17:26547|LOC105375047:0",NA,"G",8e-07,1.1764705,"1.1","1.25","Napier MD 2018","GCST005936"
"6","rs9827945","3:38803890","3:38845381","3:38820385","3:38820385","SCN10A:9880|SCN11A:41877|LOC105377034:9734|AC116038.1:20012|SCN5A:154203|SCN11A:41874|LOC107986042:18964|SCN10A:0",NA,"C",9e-07,1.21,"1.12","1.31","Napier MD 2018","GCST005936"
