"id","snp","hg38","hg19","hg18","hg17","gene","raf","riskAllele","pValue","oddsRatio","lowerCI","upperCI","study","studyID"
"1","rs1722426","2:16726625","2:16907892","2:16771373","2:16829520","CYRIA:60294|FAM49A:60791|AC008164.1:1499|LINC01866:240049",NA,"C",2e-06,1.2820514,"1.15","1.41","Napier MD 2018","GCST005937"
"2","rs3787662","21:29151972","21:30524293","21:29446164","21:29446164","AF124730.2:30055|AF124730.1:28453|AF129075.4:87604|MAP3K7CL:0|LINC00189:41522|GAPDHP14:70282|GAPDHP14:70349|USP16:97484|BACH1:42099|LINC00189:41508|CCT8:78175|AF129075.1:12588|AF129075.2:91877|RPL12P9:23697|RPL12P9:23784|LOC105372767:24461",NA,"A",2e-06,1.24,"1.13","1.35","Napier MD 2018","GCST005937"
"3","rs6766673","3:73108137","3:73157288","3:73239978","3:73239978","RNU6-557P:15880|PPP4R2:38939|EBLN2:44800|RNU2-64P:2857|RNU7-19P:80264|CCDC75P1:74364|LOC107986098:0|RNU7-19P:80267|PPP4R2:38936|CCDC75P1:73832|RNU2-64P:2855",NA,"C",2e-06,1.1363636,"1.08","1.2","Napier MD 2018","GCST005937"
