"id","snp","hg38","hg19","hg18","hg17","gene","raf","riskAllele","pValue","oddsRatio","lowerCI","upperCI","citation","studyID"
"1","rs16839220","2:155547356","2:156403868","2:156112114","2:156229376","RNU6-546P:216829|AC073225.1:0|LOC107985828:150620|LOC105373700:58018|LINC01876:464174|LOC107985953:0",0.8,"G",5e-06,1.8867927,"1.61","2.16","Mukherjee S 2018","GCST007318"
"2","rs2046197","8:3762230","8:3619752","8:3607160","8:3607160","AC027251.1:555158|LOC105377790:98796|CSMD1:0|RNA5SP251:61602",0.59,"C",3e-07,1.66,"1.46","1.86","Mukherjee S 2018","GCST007318"
"3","rs2289506","3:100346058","3:100064902","3:101547592","3:101547592","LNP1:55481|LNP1:55474|AC129803.1:85794|NIT2:0|TBC1D23:20807|TBC1D23:20820|TOMM70:17373",0.34,"T",3e-07,1.61,"1.43","1.79","Mukherjee S 2018","GCST007318"
"4","rs2795228","1:83475611","1:83941294","1:83713882","1:83653315","LINC01725:100165|LINC01712:20840|LINC01712:0|LOC107985043:64328|LOC107985037:0|ARF4P5:97111|AC116099.1:50258",0.18,"T",6e-07,1.6949153,"1.48","1.91","Mukherjee S 2018","GCST007318"
"5","rs484947","1:229029741","1:229165488","1:227232111","1:225472223","LINC02814:57373|AL078624.1:171185|LOC112267873:57359|LINC02815:0|ISCA1P2:12355|LOC105373143:64444|ISCA1P2:12430|LOC105373158:6911",0.38,"C",2e-06,1.5625,"1.37","1.76","Mukherjee S 2018","GCST007318"
"6","rs8021600","14:43701423","14:44170626","14:43240376","14:43240376","LINC02307:289116|ARHGAP16P:105301|ARHGAP16P:104740|LINC02307:289260",0.08,"G",3e-06,1.9607843,"1.69","2.24","Mukherjee S 2018","GCST007318"
"7","rs8091629","18:45640366","18:43220331","18:41474329","18:41474329","LOC107985153:27600|SLC14A2:0|SLC14A1:83761|SLC14A1:46659|LOC105372092:45115|AC023421.2:29001|AC091151.1:64862|AC091151.7:28826|AC023421.1:5787|LOC105372093:0|AC091151.2:90183",0.1,"G",2e-06,1.8518518,"1.60","2.11","Mukherjee S 2018","GCST007318"
"8","rs9369477","6:44340892","6:44308629","6:44416607","6:44416607","SPATS1:1758|NFKBIE:75104|MIR4642:94749|AL353588.1:0|SLC35B2:83002|TCTE1:43087|TMEM151B:33386|AARS2:27545|NFKBIE:75341|MIR4647:86607|TCTE1:43194|HSP90AB1:87004|CDC5L:46814|AARS2:27534|TMEM151B:61448",0.08,"C",2e-07,2.0408163,"1.77","2.32","Mukherjee S 2018","GCST007318"
"9","rs9372110","6:105869321","6:106317196","6:106423889","6:106423889","AL591518.1:0|Z97206.1:201323|LOC105377923:0|RN7SKP211:35052|LOC100130683:200926",0.06,"A",2e-07,2.16,"1.87","2.45","Mukherjee S 2018","GCST007318"
