id,snp,hg38,hg19,hg18,hg17,gene,ethnicity,alleleFrequency,riskAllele,pValue,oddsRatio,lowerCI,upperCI,seLnOR,study,cohort,citations
1,rs12069782,1:67134418,1:67600101,1:67372689,1:67312122,C1orf141,European,,C,3e-10,1.24,1.16,1.33,0.06977496791601492,Fischer A 2015,7208,46
2,rs6748088,2:202691803,2:203556526,2:203264771,2:203382032,FAM117B,European,0.31,C,2e-8,1.18,1.11,1.25,0.060603844892840264,Fischer A 2015,7208,46
3,rs933957,2:230313189,2:231177904,2:230886148,2:231003409,SP140,European,,G,7e-8,1.18,1.11,1.25,0.060603844892840264,Fischer A 2015,7208,46
4,rs223498,4:102730805,4:103651962,4:103871006,4:104009161,MANBA,European,0.47,C,1e-9,1.19,1.12,1.26,0.06009338553897111,Fischer A 2015,7208,46
5,rs4921492,5:159405269,5:158832277,5:158764855,5:158764855,AC008691.1,European,0.34,A,2e-9,1.2,1.13,1.27,0.05959146313584225,Fischer A 2015,7208,46
6,rs694739,11:64329761,11:64097233,11:63853809,11:63853809,AP003774.2|CCDC88B,European,,T,3e-16,1.2658228,1.19,1.33,0.05674777301542066,Fischer A 2015,7208,46
7,rs653178,12:111569952,12:112007756,12:110492139,12:110470476,ATXN2,European,0.5,G,2e-10,1.19,1.14,1.27,0.05509624391025302,Fischer A 2015,7208,46
8,rs2847260,18:12775592,18:12775591,18:12765591,18:12765591,AP005482.1,European,,G,3e-7,1.21,1.12,1.3,0.07603856079616725,Fischer A 2015,7208,46
9,rs34536443,19:10352442,19:10463118,19:10324118,19:10324118,TYK2,European,,G,6.000000000000001e-8,1.5625,1.32,1.82,0.16387998188286962,Fischer A 2015,7208,46
10,rs3132940,6:32193619,6:32161396,6:32269374,6:32269374,GPSM3,European,0.203,A,7e-6,1.531,1.282,1.829,0.1813000055664542,Rivera NV 2016,2537,31
11,rs1964995,6:32481634,6:32449411,6:32557389,6:32557389,HLA-DRB9|HLA-DRB5,European,0.7,A,4e-15,1.8165305,1.57,2.11,0.15082261639171343,Rivera NV 2016,2537,31
12,rs9275582,6:32712293,6:32680070,6:32788048,6:32788048,AL662789.1|MTCO3P1,European,0.83,G,2e-11,1.8705574,1.57,2.24,0.1813266563809856,Rivera NV 2016,2537,31
13,rs3819717,6:32836522,6:32804299,6:32912277,6:32912277,AL669918.1|TAP2,European,0.515,G,2e-6,1.434,1.249,1.648,0.14143836752236694,Rivera NV 2016,2537,31
14,rs1953970,10:80382420,10:82142176,10:82132156,10:82132156,DYDC2|PRXL2A,European,0.6,A,4e-6,1.3968431,1.22,1.61,0.14152210216898292,Rivera NV 2016,2537,31